date,direction,entry,sl,tp1,exit_price,outcome,actual_r,session,atr,bars_held
2025-12-12 19:00:00,LONG,4308.82,4299.02,4328.4,4328.4,WIN,2.0,Off,9.79,2
2025-12-17 01:00:00,LONG,4329.34,4314.91,4358.22,4314.91,LOSS,-1.0,Tokyo,14.44,1
2025-12-18 00:00:00,LONG,4343.14,4331.17,4367.06,4331.17,LOSS,-1.0,Tokyo,11.96,1
2025-12-19 02:00:00,LONG,4337.49,4326.86,4358.74,4358.74,WIN,2.0,Tokyo,10.62,1
2025-12-20 01:00:00,LONG,4332.43,4323.14,4351.02,4351.02,WIN,2.0,Tokyo,9.29,2
2025-12-24 07:00:00,LONG,4498.75,4484.34,4527.56,4484.34,LOSS,-1.0,London,14.41,1
2025-12-24 10:00:00,LONG,4504.52,4489.32,4534.92,4489.32,LOSS,-1.0,Overlap,15.2,3
2025-12-27 01:00:00,LONG,4522.86,4509.18,4550.24,4550.24,WIN,2.0,Tokyo,13.69,2
2025-12-31 06:00:00,SHORT,4346.71,4367.29,4305.56,4367.29,LOSS,-1.0,London,20.58,6
2025-12-31 15:00:00,SHORT,4332.0,4350.1,4295.78,4295.78,WIN,2.0,NY,18.11,1
2026-01-01 07:00:00,SHORT,4313.11,4333.36,4272.62,4333.36,LOSS,-1.0,London,20.24,27
2026-01-03 03:00:00,SHORT,4325.13,4340.86,4293.65,4340.86,LOSS,-1.0,Tokyo,15.74,31
2026-01-07 01:00:00,LONG,4487.85,4472.27,4519.0,4472.27,LOSS,-1.0,Tokyo,15.58,1
2026-01-09 04:00:00,LONG,4462.52,4447.48,4492.6,4447.48,LOSS,-1.0,Tokyo,15.04,1
2026-01-10 00:00:00,LONG,4484.12,4472.33,4507.71,4507.71,WIN,2.0,Tokyo,11.8,2
2026-01-13 00:00:00,LONG,4616.42,4598.14,4652.98,4598.14,LOSS,-1.0,Tokyo,18.28,1
2026-01-14 00:00:00,LONG,4609.91,4596.95,4635.83,4596.95,LOSS,-1.0,Tokyo,12.96,3
2026-01-16 05:00:00,LONG,4617.15,4602.12,4647.21,4602.12,LOSS,-1.0,London,15.03,2
2026-01-16 08:00:00,LONG,4616.04,4601.79,4644.53,4601.79,LOSS,-1.0,London,14.25,3
2026-01-17 02:00:00,SHORT,4571.87,4590.4,4534.82,4590.4,LOSS,-1.0,Tokyo,18.53,1
2026-01-18 19:00:00,SHORT,4595.29,4595.55,4594.77,4595.55,LOSS,-1.0,Off,0.26,11
2026-01-20 15:00:00,LONG,4695.8,4687.24,4712.93,4712.93,WIN,2.0,NY,8.56,1
2026-01-21 10:00:00,LONG,4776.21,4761.72,4805.2,4805.2,WIN,2.0,Overlap,14.49,2
2026-01-22 20:00:00,LONG,4822.92,4800.6,4867.54,4867.54,WIN,2.0,Off,22.31,6
2026-01-24 03:00:00,LONG,4980.28,4960.2,5020.43,4960.2,LOSS,-1.0,Tokyo,20.08,2
2026-01-27 14:00:00,LONG,5077.45,5041.39,5149.59,5149.59,WIN,2.0,NY,36.07,17
2026-01-27 19:00:00,LONG,5080.5,5050.04,5141.4,5141.4,WIN,2.0,Off,30.45,12
2026-01-28 05:00:00,LONG,5089.82,5069.08,5131.29,5131.29,WIN,2.0,London,20.74,2
2026-01-29 07:00:00,LONG,5379.84,5345.32,5448.88,5448.88,WIN,2.0,London,34.52,3
2026-02-04 12:00:00,LONG,5044.59,4996.64,5140.49,4996.64,LOSS,-1.0,Overlap,47.95,13
2026-02-05 20:00:00,SHORT,4858.17,4909.39,4755.73,4909.39,LOSS,-1.0,Off,51.22,7
2026-02-06 07:00:00,SHORT,4810.63,4860.46,4710.96,4710.96,WIN,2.0,London,49.83,3
2026-02-09 08:00:00,LONG,5024.11,5010.06,5052.21,5010.06,LOSS,-1.0,London,14.05,2
2026-02-09 16:00:00,LONG,5044.7,5016.6,5100.9,5016.6,LOSS,-1.0,NY,28.1,2
2026-02-09 19:00:00,LONG,5035.91,5002.66,5102.41,5002.66,LOSS,-1.0,Off,33.25,2
2026-02-10 01:00:00,LONG,5047.83,5014.75,5113.99,5014.75,LOSS,-1.0,Tokyo,33.08,9
2026-02-11 00:00:00,LONG,5050.62,5027.36,5097.15,5027.36,LOSS,-1.0,Tokyo,23.26,2
2026-02-12 04:00:00,LONG,5091.22,5061.48,5150.69,5061.48,LOSS,-1.0,Tokyo,29.74,6
2026-02-13 03:00:00,SHORT,4951.57,4983.12,4888.47,4983.12,LOSS,-1.0,Tokyo,31.55,9
2026-02-17 02:00:00,SHORT,4980.4,4997.16,4946.88,4997.16,LOSS,-1.0,Tokyo,16.76,3
2026-02-18 00:00:00,SHORT,4875.94,4905.64,4816.55,4905.64,LOSS,-1.0,Tokyo,29.7,5
2026-02-19 17:00:00,LONG,5018.51,5004.6,5046.32,5004.6,LOSS,-1.0,NY,13.91,3
2026-02-20 17:00:00,LONG,5022.03,5007.43,5051.23,5007.43,LOSS,-1.0,NY,14.6,1
2026-02-24 01:00:00,LONG,5190.08,5169.65,5230.94,5230.94,WIN,2.0,Tokyo,20.43,6
2026-02-25 13:00:00,LONG,5180.77,5156.16,5230.0,5156.16,LOSS,-1.0,Overlap,24.61,9
2026-02-26 02:00:00,LONG,5195.0,5176.71,5231.56,5176.71,LOSS,-1.0,Tokyo,18.28,5
2026-02-26 14:00:00,LONG,5192.7,5171.93,5234.25,5171.93,LOSS,-1.0,NY,20.77,5
2026-02-27 07:00:00,LONG,5196.52,5173.5,5242.55,5173.5,LOSS,-1.0,London,23.02,4
2026-02-27 23:00:00,LONG,5188.36,5174.91,5215.28,5215.28,WIN,2.0,Tokyo,13.46,1
2026-03-03 15:00:00,LONG,5364.38,5338.93,5415.27,5338.93,LOSS,-1.0,NY,25.45,1
2026-03-05 03:00:00,SHORT,5149.78,5176.95,5095.43,5176.95,LOSS,-1.0,Tokyo,27.17,8
2026-03-06 22:00:00,SHORT,5076.0,5097.77,5032.46,5097.77,LOSS,-1.0,Tokyo,21.77,2
2026-03-07 00:00:00,SHORT,5085.81,5112.26,5032.93,5112.26,LOSS,-1.0,Tokyo,26.44,1
2026-03-11 00:00:00,LONG,5213.81,5191.92,5257.6,5191.92,LOSS,-1.0,Tokyo,21.9,1
2026-03-12 09:00:00,SHORT,5139.82,5158.26,5102.95,5158.26,LOSS,-1.0,London,18.43,2
2026-03-12 20:00:00,LONG,5189.22,5169.5,5228.66,5169.5,LOSS,-1.0,Off,19.72,3
2026-03-13 01:00:00,SHORT,5140.74,5159.23,5103.77,5103.77,WIN,2.0,Tokyo,18.49,4
2026-03-14 01:00:00,SHORT,5045.69,5067.31,5002.47,5067.31,LOSS,-1.0,Tokyo,21.61,1
2026-03-16 12:00:00,SHORT,5014.21,5027.1,4988.44,5027.1,LOSS,-1.0,Overlap,12.89,5
2026-03-16 18:00:00,SHORT,4994.7,5016.34,4951.42,5016.34,LOSS,-1.0,NY,21.64,4
2026-03-17 02:00:00,SHORT,4986.11,5009.49,4939.37,5009.49,LOSS,-1.0,Tokyo,23.37,3
2026-03-17 22:00:00,SHORT,5003.73,5020.15,4970.9,5020.15,LOSS,-1.0,Tokyo,16.42,1
2026-03-18 02:00:00,SHORT,4997.52,5015.52,4961.52,5015.52,LOSS,-1.0,Tokyo,18.0,10
2026-03-18 12:00:00,SHORT,4999.21,5013.39,4970.87,5013.39,LOSS,-1.0,Overlap,14.17,5
2026-03-18 19:00:00,SHORT,4987.93,5000.61,4962.58,4962.58,WIN,2.0,Off,12.68,2
2026-03-21 00:00:00,SHORT,4615.05,4652.56,4540.02,4540.02,WIN,2.0,Tokyo,37.52,5
2026-03-24 12:00:00,SHORT,4325.95,4391.09,4195.66,4391.09,LOSS,-1.0,Overlap,65.14,5
2026-03-27 03:00:00,SHORT,4389.6,4425.45,4317.9,4425.45,LOSS,-1.0,Tokyo,35.85,10
2026-03-30 17:00:00,LONG,4532.81,4507.94,4582.55,4507.94,LOSS,-1.0,NY,24.87,12
2026-03-31 12:00:00,LONG,4604.19,4572.34,4667.89,4572.34,LOSS,-1.0,Overlap,31.85,1
2026-03-31 23:00:00,LONG,4575.98,4543.77,4640.41,4640.41,WIN,2.0,Tokyo,32.21,4
2026-04-01 22:00:00,LONG,4755.65,4727.75,4811.47,4727.75,LOSS,-1.0,Tokyo,27.91,1
2026-04-02 02:00:00,LONG,4786.85,4758.97,4842.62,4758.97,LOSS,-1.0,Tokyo,27.89,3
2026-04-03 09:00:00,LONG,4676.42,4648.91,4731.42,4676.53,BE,0.004,London,27.5,48
2026-04-03 16:00:00,LONG,4676.49,4669.01,4691.47,4676.45,BE,-0.006,NY,7.49,48
2026-04-06 05:00:00,LONG,4676.48,4676.21,4677.01,4676.21,LOSS,-1.0,London,0.27,2
2026-04-06 18:00:00,LONG,4696.9,4672.27,4746.14,4672.27,LOSS,-1.0,NY,24.62,4
2026-04-07 04:00:00,SHORT,4658.5,4679.75,4615.99,4679.75,LOSS,-1.0,Tokyo,21.25,14
2026-04-07 06:00:00,SHORT,4649.77,4669.56,4610.18,4669.56,LOSS,-1.0,London,19.79,12
2026-04-07 15:00:00,SHORT,4642.44,4659.82,4607.67,4659.82,LOSS,-1.0,NY,17.38,3
2026-04-07 23:00:00,SHORT,4647.11,4673.21,4594.92,4673.21,LOSS,-1.0,Tokyo,26.1,4
2026-04-09 21:00:00,LONG,4756.99,4738.26,4794.46,4738.26,LOSS,-1.0,Tokyo,18.73,1
2026-04-10 22:00:00,LONG,4770.69,4753.64,4804.79,4753.64,LOSS,-1.0,Tokyo,17.05,4
2026-04-15 00:00:00,LONG,4803.2,4785.12,4839.35,4839.35,WIN,2.0,Tokyo,18.07,3
2026-04-16 10:00:00,LONG,4834.03,4819.46,4863.15,4819.46,LOSS,-1.0,Overlap,14.56,1
2026-04-16 14:00:00,LONG,4833.29,4819.49,4860.88,4819.49,LOSS,-1.0,NY,13.8,2
2026-04-17 12:00:00,SHORT,4785.52,4801.33,4753.89,4801.33,LOSS,-1.0,Overlap,15.81,2
2026-04-17 22:00:00,LONG,4844.16,4826.75,4878.98,4878.98,WIN,2.0,Tokyo,17.41,1
2026-04-20 02:00:00,LONG,4834.06,4833.78,4834.61,4833.78,LOSS,-1.0,Tokyo,0.28,2
2026-04-21 14:00:00,SHORT,4790.35,4801.3,4768.44,4768.44,WIN,2.0,NY,10.95,9
2026-04-23 00:00:00,SHORT,4736.11,4749.93,4708.46,4749.93,LOSS,-1.0,Tokyo,13.82,10
2026-04-23 11:00:00,SHORT,4723.63,4741.07,4688.75,4688.75,WIN,2.0,Overlap,17.44,9
2026-04-24 04:00:00,SHORT,4702.35,4724.18,4658.67,4724.18,LOSS,-1.0,Tokyo,21.84,20
2026-04-24 11:00:00,SHORT,4699.62,4718.75,4661.36,4661.36,WIN,2.0,Overlap,19.13,3
2026-04-26 14:00:00,SHORT,4708.49,4708.75,4707.95,4707.95,WIN,2.0,NY,0.27,15
2026-04-27 21:00:00,SHORT,4704.76,4718.46,4677.36,4677.36,WIN,2.0,Tokyo,13.7,3
2026-04-28 12:00:00,SHORT,4669.31,4680.41,4647.1,4647.1,WIN,2.0,Overlap,11.1,3
2026-04-29 18:00:00,SHORT,4575.52,4588.72,4549.14,4549.14,WIN,2.0,NY,13.19,4
2026-05-01 17:00:00,SHORT,4576.6,4589.08,4551.65,4589.08,LOSS,-1.0,NY,12.48,5
2026-05-04 11:00:00,SHORT,4608.34,4612.69,4599.63,4612.69,LOSS,-1.0,Overlap,4.35,1
2026-05-04 14:00:00,SHORT,4607.12,4615.03,4591.29,4591.29,WIN,2.0,NY,7.91,2
2026-05-07 16:00:00,LONG,4738.85,4723.83,4768.9,4723.83,LOSS,-1.0,NY,15.02,3
2026-05-08 16:00:00,LONG,4726.3,4705.87,4767.15,4705.87,LOSS,-1.0,NY,20.43,1
2026-05-13 08:00:00,LONG,4717.52,4700.63,4751.31,4700.63,LOSS,-1.0,London,16.89,4
2026-05-13 19:00:00,SHORT,4699.47,4710.87,4676.67,4676.67,WIN,2.0,Off,11.4,4
2026-05-14 03:00:00,SHORT,4687.78,4703.33,4656.69,4703.33,LOSS,-1.0,Tokyo,15.55,7
2026-05-14 13:00:00,SHORT,4675.84,4690.34,4646.85,4690.34,LOSS,-1.0,Overlap,14.5,1
2026-05-15 00:00:00,SHORT,4684.73,4705.04,4644.13,4644.13,WIN,2.0,Tokyo,20.3,10
2026-05-15 04:00:00,SHORT,4671.11,4687.16,4638.99,4638.99,WIN,2.0,Tokyo,16.06,6
2026-05-19 15:00:00,SHORT,4541.86,4557.73,4510.13,4557.73,LOSS,-1.0,NY,15.87,2
2026-05-20 12:00:00,SHORT,4465.92,4487.28,4423.19,4487.28,LOSS,-1.0,Overlap,21.36,6
2026-05-21 21:00:00,SHORT,4512.47,4530.31,4476.79,4530.31,LOSS,-1.0,Tokyo,17.84,6
2026-05-22 05:00:00,LONG,4543.26,4523.61,4582.56,4523.61,LOSS,-1.0,London,19.65,6
2026-05-22 15:00:00,SHORT,4509.96,4524.82,4480.24,4524.82,LOSS,-1.0,NY,14.86,1
2026-05-22 17:00:00,SHORT,4522.26,4535.49,4495.81,4535.49,LOSS,-1.0,NY,13.23,3
2026-05-27 16:00:00,SHORT,4484.96,4500.4,4454.08,4454.08,WIN,2.0,NY,15.44,4
2026-05-28 11:00:00,SHORT,4409.96,4429.51,4370.86,4370.86,WIN,2.0,Overlap,19.55,2
2026-05-29 20:00:00,LONG,4537.3,4524.07,4563.76,4524.07,LOSS,-1.0,Off,13.23,2
2026-05-30 00:00:00,LONG,4567.13,4548.12,4605.14,4548.12,LOSS,-1.0,Tokyo,19.01,5
2026-06-03 03:00:00,SHORT,4484.6,4498.64,4456.51,4456.51,WIN,2.0,Tokyo,14.04,13
2026-06-04 03:00:00,SHORT,4438.49,4456.42,4402.61,4456.42,LOSS,-1.0,Tokyo,17.94,6
2026-06-05 09:00:00,SHORT,4462.33,4477.91,4431.17,4431.17,WIN,2.0,London,15.58,7
2026-06-05 22:00:00,SHORT,4411.67,4429.17,4376.66,4376.66,WIN,2.0,Tokyo,17.51,1
2026-06-08 12:00:00,SHORT,4312.93,4322.38,4294.04,4294.04,WIN,2.0,Overlap,9.45,3
2026-06-10 22:00:00,SHORT,4144.53,4170.29,4093.02,4170.29,LOSS,-1.0,Tokyo,25.76,1
2026-06-11 00:00:00,SHORT,4119.27,4148.65,4060.52,4060.52,WIN,2.0,Tokyo,29.38,8
2026-06-16 17:00:00,LONG,4335.13,4324.2,4357.0,4324.2,LOSS,-1.0,NY,10.93,7
2026-06-18 18:00:00,SHORT,4267.32,4291.26,4219.46,4219.46,WIN,2.0,NY,23.93,8
2026-06-18 20:00:00,SHORT,4255.19,4273.66,4218.24,4273.66,LOSS,-1.0,Off,18.47,3
2026-06-23 11:00:00,SHORT,4161.46,4177.03,4130.32,4130.32,WIN,2.0,Overlap,15.57,3
2026-06-24 09:00:00,SHORT,4099.13,4114.83,4067.71,4067.71,WIN,2.0,London,15.71,2
2026-06-24 20:00:00,SHORT,4056.0,4075.31,4017.37,4017.37,WIN,2.0,Off,19.31,2
2026-06-26 13:00:00,SHORT,4003.07,4021.67,3965.87,4021.67,LOSS,-1.0,Overlap,18.6,3
2026-06-26 15:00:00,SHORT,4008.28,4024.71,3975.41,4024.71,LOSS,-1.0,NY,16.43,1
2026-07-01 07:00:00,SHORT,4008.52,4023.89,3977.78,3977.78,WIN,2.0,London,15.37,4
2026-07-02 16:00:00,LONG,4075.11,4060.14,4105.05,4060.14,LOSS,-1.0,NY,14.97,5
2026-07-02 18:00:00,LONG,4077.07,4061.08,4109.05,4061.08,LOSS,-1.0,NY,15.99,3
2026-07-02 22:00:00,LONG,4117.96,4097.85,4158.18,4158.18,WIN,2.0,Tokyo,20.11,13
2026-07-03 10:00:00,LONG,4149.28,4128.1,4191.64,4191.64,WIN,2.0,Overlap,21.18,1
2026-07-07 07:00:00,LONG,4165.74,4153.2,4190.81,4153.2,LOSS,-1.0,London,12.54,3
2026-07-07 11:00:00,SHORT,4141.43,4153.88,4116.54,4153.88,LOSS,-1.0,Overlap,12.45,10
2026-07-08 05:00:00,SHORT,4115.19,4132.16,4081.26,4132.16,LOSS,-1.0,London,16.97,10
2026-07-08 18:00:00,SHORT,4055.46,4075.24,4015.92,4075.24,LOSS,-1.0,NY,19.77,4
2026-07-10 18:00:00,SHORT,4097.31,4107.32,4077.28,4107.32,LOSS,-1.0,NY,10.01,2
