date,direction,entry,sl,risk,anchor,manip_extreme,manip_pct,hit_sl,r_3R,r_5R,r_10R
2026-01-24,SHORT,4982.38,4982.63,0.25,4982.41,4982.63,0.004,True,-1.0,-1.0,-1.0
2026-01-25,SHORT,4982.4,4982.64,0.25,4982.43,4982.64,0.004,True,-1.0,-1.0,-1.0
2026-01-27,LONG,5081.45,5070.46,10.99,5077.31,5070.46,0.135,False,0.588,0.588,0.588
2026-01-28,SHORT,5233.68,5240.51,6.83,5234.84,5240.51,0.108,True,-1.0,-1.0,-1.0
2026-01-29,LONG,5546.81,5534.77,12.05,5546.68,5534.77,0.215,True,-1.0,-1.0,-1.0
2026-01-30,SHORT,5184.99,5231.14,46.15,5197.24,5231.14,0.652,False,0.796,0.796,0.796
2026-01-31,SHORT,4865.32,4865.56,0.25,4865.35,4865.56,0.004,True,-1.0,-1.0,-1.0
2026-02-01,SHORT,4865.32,4865.57,0.25,4865.36,4865.57,0.004,True,-1.0,-1.0,-1.0
2026-02-02,SHORT,4636.78,4700.94,64.16,4647.3,4700.94,1.154,False,3.0,0.96,0.96
2026-02-03,SHORT,4805.42,4827.51,22.1,4809.85,4827.51,0.367,True,-1.0,-1.0,-1.0
2026-02-04,LONG,5069.46,5059.3,10.17,5069.46,5059.3,0.2,True,-1.0,-1.0,-1.0
2026-02-05,SHORT,4875.52,4889.63,14.1,4877.99,4889.63,0.239,True,-1.0,-1.0,-1.0
2026-02-06,LONG,4827.14,4809.8,17.34,4825.18,4809.8,0.319,True,-1.0,-1.0,-1.0
2026-02-07,SHORT,4959.0,4959.25,0.25,4959.04,4959.25,0.004,False,-0.544,-0.544,-0.544
2026-02-09,SHORT,5021.97,5034.14,12.17,5022.28,5034.14,0.236,True,-1.0,-1.0,-1.0
2026-02-10,LONG,5028.76,5018.43,10.33,5028.13,5018.43,0.193,True,-1.0,-1.0,-1.0
2026-02-11,SHORT,5053.06,5060.66,7.61,5054.2,5060.66,0.128,True,-1.0,-1.0,-1.0
2026-02-12,LONG,5059.77,5051.47,8.3,5057.5,5051.47,0.119,True,-1.0,-1.0,-1.0
2026-02-13,SHORT,4981.55,4997.14,15.58,4982.64,4997.14,0.291,False,1.79,1.79,1.79
2026-02-14,SHORT,5043.09,5043.33,0.25,5043.11,5043.33,0.004,True,-1.0,-1.0,-1.0
2026-02-15,SHORT,5043.06,5043.31,0.25,5043.09,5043.31,0.004,True,-1.0,-1.0,-1.0
2026-02-16,LONG,4989.32,4973.33,15.99,4988.84,4973.33,0.311,False,1.385,1.385,1.385
2026-02-17,LONG,4959.84,4946.72,13.12,4957.76,4946.72,0.223,True,-1.0,-1.0,-1.0
2026-02-19,LONG,4984.39,4978.74,5.64,4982.46,4978.74,0.075,True,-1.0,-1.0,-1.0
2026-02-21,SHORT,5098.47,5098.73,0.26,5098.5,5098.73,0.005,True,-1.0,-1.0,-1.0
2026-02-22,SHORT,5098.48,5098.74,0.26,5098.51,5098.74,0.004,True,-1.0,-1.0,-1.0
2026-02-24,LONG,5172.71,5162.21,10.5,5172.25,5162.21,0.194,True,-1.0,-1.0,-1.0
2026-02-25,LONG,5183.73,5174.07,9.66,5182.9,5174.07,0.17,False,0.645,0.645,0.645
2026-02-26,SHORT,5192.65,5197.2,4.55,5192.78,5197.2,0.085,True,-1.0,-1.0,-1.0
2026-02-27,SHORT,5184.91,5188.95,4.05,5185.42,5188.95,0.068,True,-1.0,-1.0,-1.0
2026-02-28,SHORT,5277.84,5278.12,0.28,5277.89,5278.12,0.004,False,-0.565,-0.565,-0.565
2026-03-01,SHORT,5277.85,5278.12,0.27,5277.89,5278.12,0.004,True,-1.0,-1.0,-1.0
2026-03-03,SHORT,5366.52,5374.93,8.41,5366.77,5374.93,0.152,True,-1.0,-1.0,-1.0
2026-03-05,SHORT,5176.39,5185.4,9.01,5179.01,5185.4,0.123,False,3.0,5.0,2.787
2026-03-06,SHORT,5130.17,5137.0,6.83,5131.49,5137.0,0.107,False,1.728,1.728,1.728
2026-03-07,SHORT,5171.04,5171.3,0.26,5171.07,5171.3,0.004,False,-0.428,-0.428,-0.428
2026-03-08,SHORT,5171.04,5171.3,0.26,5171.07,5171.3,0.004,True,-1.0,-1.0,-1.0
2026-03-10,SHORT,5165.05,5173.47,8.42,5165.74,5173.47,0.15,True,-1.0,-1.0,-1.0
2026-03-12,LONG,5152.91,5146.97,5.94,5151.49,5146.97,0.088,True,-1.0,-1.0,-1.0
2026-03-13,SHORT,5110.67,5117.46,6.79,5111.91,5117.46,0.109,False,0.666,0.666,0.666
2026-03-14,SHORT,5019.66,5019.91,0.25,5019.69,5019.91,0.004,True,-1.0,-1.0,-1.0
2026-03-15,SHORT,5019.65,5019.91,0.25,5019.69,5019.91,0.004,True,-1.0,-1.0,-1.0
2026-03-16,SHORT,5000.44,5011.27,10.83,5003.86,5011.27,0.148,True,-1.0,-1.0,-1.0
2026-03-18,SHORT,4991.41,4996.77,5.35,4991.53,4996.77,0.105,True,-1.0,-1.0,-1.0
2026-03-19,SHORT,4855.61,4868.12,12.51,4857.91,4868.12,0.21,False,1.655,1.655,1.655
2026-03-21,SHORT,4497.42,4497.64,0.22,4497.45,4497.64,0.004,True,-1.0,-1.0,-1.0
2026-03-22,SHORT,4497.41,4497.64,0.22,4497.44,4497.64,0.004,True,-1.0,-1.0,-1.0
2026-03-23,LONG,4368.07,4349.02,19.05,4363.53,4349.02,0.333,True,-1.0,-1.0,-1.0
2026-03-24,LONG,4364.88,4350.78,14.1,4364.25,4350.78,0.309,True,-1.0,-1.0,-1.0
2026-03-26,LONG,4515.41,4503.22,12.19,4508.13,4503.22,0.109,True,-1.0,-1.0,-1.0
2026-03-27,LONG,4434.46,4421.29,13.16,4431.68,4421.29,0.234,False,2.813,2.813,2.813
2026-03-28,SHORT,4507.69,4507.91,0.21,4507.71,4507.91,0.004,False,-0.512,-0.512,-0.512
2026-03-29,SHORT,4507.69,4507.91,0.22,4507.71,4507.91,0.004,False,-0.56,-0.56,-0.56
2026-04-01,SHORT,4683.13,4692.76,9.63,4685.41,4692.76,0.157,True,-1.0,-1.0,-1.0
2026-04-02,SHORT,4687.1,4699.58,12.49,4687.58,4699.58,0.256,False,3.0,6.384,6.384
2026-04-03,SHORT,4676.42,4676.66,0.23,4676.46,4676.66,0.004,True,-1.0,-1.0,-1.0
2026-04-04,SHORT,4676.42,4676.63,0.21,4676.43,4676.63,0.004,True,-1.0,-1.0,-1.0
2026-04-05,SHORT,4676.4,4676.63,0.23,4676.43,4676.63,0.004,True,-1.0,-1.0,-1.0
2026-04-07,LONG,4650.6,4646.03,4.57,4649.34,4646.03,0.071,True,-1.0,-1.0,-1.0
2026-04-08,LONG,4801.61,4790.65,10.97,4798.07,4790.65,0.155,False,3.0,2.879,2.879
2026-04-09,SHORT,4709.62,4722.74,13.12,4712.19,4722.74,0.224,True,-1.0,-1.0,-1.0
2026-04-10,SHORT,4764.04,4770.73,6.69,4766.04,4770.73,0.098,False,1.865,1.865,1.865
2026-04-11,SHORT,4750.41,4750.66,0.25,4750.45,4750.66,0.004,True,-1.0,-1.0,-1.0
2026-04-12,SHORT,4750.42,4750.66,0.24,4750.45,4750.66,0.004,True,-1.0,-1.0,-1.0
2026-04-13,LONG,4722.72,4710.25,12.46,4719.35,4710.25,0.193,False,1.132,1.132,1.132
2026-04-14,SHORT,4764.46,4777.42,12.96,4769.15,4777.42,0.173,True,-1.0,-1.0,-1.0
2026-04-15,LONG,4825.15,4821.12,4.03,4824.94,4821.12,0.079,True,-1.0,-1.0,-1.0
2026-04-16,SHORT,4822.61,4829.06,6.46,4824.79,4829.06,0.089,True,-1.0,-1.0,-1.0
2026-04-18,SHORT,4833.94,4834.2,0.26,4833.99,4834.2,0.004,True,-1.0,-1.0,-1.0
2026-04-19,SHORT,4833.96,4834.21,0.25,4834.0,4834.21,0.004,True,-1.0,-1.0,-1.0
2026-04-20,SHORT,4789.4,4795.99,6.59,4791.62,4795.99,0.091,False,-0.096,-0.096,-0.096
2026-04-22,LONG,4759.13,4755.31,3.82,4759.1,4755.31,0.08,True,-1.0,-1.0,-1.0
2026-04-23,LONG,4705.09,4700.7,4.39,4704.31,4700.7,0.077,True,-1.0,-1.0,-1.0
2026-04-24,LONG,4675.96,4659.87,16.09,4672.44,4659.87,0.269,False,-0.203,-0.203,-0.203
2026-04-25,SHORT,4708.47,4708.71,0.24,4708.5,4708.71,0.005,True,-1.0,-1.0,-1.0
2026-04-26,SHORT,4708.5,4708.7,0.21,4708.5,4708.7,0.004,True,-1.0,-1.0,-1.0
2026-04-27,SHORT,4724.0,4728.29,4.28,4724.34,4728.29,0.084,False,3.0,1.74,1.74
2026-04-29,SHORT,4594.9,4604.0,9.1,4595.58,4604.0,0.183,False,2.585,2.585,2.585
2026-04-30,LONG,4557.66,4546.61,11.05,4556.43,4546.61,0.216,False,3.0,2.908,2.908
2026-05-02,SHORT,4613.23,4613.45,0.23,4613.26,4613.45,0.004,True,-1.0,-1.0,-1.0
2026-05-03,SHORT,4613.23,4613.46,0.23,4613.25,4613.46,0.004,True,-1.0,-1.0,-1.0
2026-05-05,LONG,4536.17,4530.19,5.98,4535.13,4530.19,0.109,False,2.934,2.934,2.934
2026-05-07,LONG,4704.84,4695.12,9.72,4700.67,4695.12,0.118,False,3.0,3.927,3.927
2026-05-08,LONG,4726.19,4713.57,12.62,4720.41,4713.57,0.145,True,-1.0,-1.0,-1.0
2026-05-09,SHORT,4715.37,4715.59,0.22,4715.37,4715.59,0.004,True,-1.0,-1.0,-1.0
2026-05-10,SHORT,4715.36,4715.6,0.24,4715.38,4715.6,0.004,True,-1.0,-1.0,-1.0
2026-05-12,SHORT,4719.84,4729.91,10.07,4719.94,4729.91,0.211,False,2.152,2.152,2.152
2026-05-15,LONG,4616.42,4609.69,6.73,4615.36,4609.69,0.123,True,-1.0,-1.0,-1.0
2026-05-16,SHORT,4537.74,4537.96,0.22,4537.76,4537.96,0.005,True,-1.0,-1.0,-1.0
2026-05-17,SHORT,4537.72,4537.95,0.23,4537.75,4537.95,0.004,True,-1.0,-1.0,-1.0
2026-05-18,LONG,4546.26,4531.68,14.58,4543.18,4531.68,0.253,True,-1.0,-1.0,-1.0
2026-05-20,SHORT,4462.95,4470.27,7.32,4463.65,4470.27,0.148,True,-1.0,-1.0,-1.0
2026-05-21,SHORT,4528.22,4540.07,11.85,4529.19,4540.07,0.24,False,1.173,1.173,1.173
2026-05-22,SHORT,4526.88,4532.55,5.66,4528.73,4532.55,0.084,True,-1.0,-1.0,-1.0
2026-05-23,SHORT,4505.66,4505.88,0.21,4505.68,4505.88,0.004,True,-1.0,-1.0,-1.0
2026-05-24,SHORT,4505.66,4505.88,0.22,4505.68,4505.88,0.004,True,-1.0,-1.0,-1.0
2026-05-25,SHORT,4560.48,4565.38,4.9,4560.87,4565.38,0.099,True,-1.0,-1.0,-1.0
2026-05-27,SHORT,4494.41,4503.49,9.08,4499.0,4503.49,0.1,True,-1.0,-1.0,-1.0
2026-05-28,SHORT,4371.8,4381.54,9.75,4374.03,4381.54,0.172,True,-1.0,-1.0,-1.0
2026-05-30,SHORT,4542.46,4542.67,0.21,4542.46,4542.67,0.005,True,-1.0,-1.0,-1.0
2026-05-31,SHORT,4542.46,4542.67,0.22,4542.47,4542.67,0.004,True,-1.0,-1.0,-1.0
2026-06-01,SHORT,4511.25,4519.77,8.52,4514.55,4519.77,0.116,True,-1.0,-1.0,-1.0
2026-06-05,LONG,4444.79,4438.52,6.27,4442.35,4438.52,0.086,True,-1.0,-1.0,-1.0
2026-06-06,SHORT,4330.08,4330.31,0.23,4330.1,4330.31,0.005,True,-1.0,-1.0,-1.0
2026-06-07,SHORT,4330.07,4330.3,0.23,4330.1,4330.3,0.004,True,-1.0,-1.0,-1.0
2026-06-08,SHORT,4313.97,4322.17,8.21,4315.44,4322.17,0.156,False,3.0,5.0,1.787
2026-06-09,LONG,4341.24,4328.91,12.33,4336.85,4328.91,0.183,True,-1.0,-1.0,-1.0
2026-06-10,LONG,4190.61,4175.25,15.36,4184.1,4175.25,0.212,False,-0.053,-0.053,-0.053
2026-06-11,SHORT,4072.89,4085.63,12.75,4074.93,4085.63,0.263,True,-1.0,-1.0,-1.0
2026-06-13,SHORT,4215.28,4215.48,0.2,4215.29,4215.48,0.005,True,-1.0,-1.0,-1.0
2026-06-14,SHORT,4215.28,4215.48,0.2,4215.29,4215.48,0.004,True,-1.0,-1.0,-1.0
2026-06-15,SHORT,4322.8,4328.18,5.38,4324.13,4328.18,0.093,True,-1.0,-1.0,-1.0
2026-06-17,LONG,4332.83,4325.18,7.65,4331.36,4325.18,0.143,True,-1.0,-1.0,-1.0
2026-06-18,LONG,4320.51,4312.2,8.31,4319.39,4312.2,0.166,True,-1.0,-1.0,-1.0
2026-06-20,SHORT,4156.52,4156.73,0.21,4156.54,4156.73,0.005,True,-1.0,-1.0,-1.0
2026-06-21,SHORT,4156.52,4156.73,0.21,4156.55,4156.73,0.004,True,-1.0,-1.0,-1.0
2026-06-24,LONG,4066.23,4055.48,10.76,4062.64,4055.48,0.176,False,2.143,2.143,2.143
2026-06-25,LONG,3997.04,3987.83,9.22,3996.31,3987.83,0.212,True,-1.0,-1.0,-1.0
2026-06-27,SHORT,4080.8,4081.01,0.21,4080.82,4081.01,0.005,False,-0.553,-0.553,-0.553
2026-06-28,SHORT,4080.79,4081.01,0.21,4080.82,4081.01,0.004,True,-1.0,-1.0,-1.0
2026-07-03,SHORT,4175.99,4182.35,6.36,4176.28,4182.35,0.145,False,0.913,0.913,0.913
2026-07-04,SHORT,4174.86,4175.1,0.24,4174.91,4175.1,0.004,True,-1.0,-1.0,-1.0
2026-07-05,SHORT,4174.88,4175.09,0.21,4174.91,4175.09,0.004,True,-1.0,-1.0,-1.0
2026-07-07,SHORT,4129.54,4140.27,10.74,4130.69,4140.27,0.232,False,0.003,0.003,0.003
2026-07-08,SHORT,4123.1,4129.33,6.23,4123.87,4129.33,0.132,True,-1.0,-1.0,-1.0
2026-07-09,LONG,4064.28,4057.74,6.53,4062.28,4057.74,0.112,True,-1.0,-1.0,-1.0
2026-07-10,LONG,4120.95,4112.18,8.77,4120.32,4112.18,0.198,True,-1.0,-1.0,-1.0
2026-07-11,SHORT,4111.42,4111.63,0.22,4111.45,4111.63,0.004,True,-1.0,-1.0,-1.0
2026-07-12,SHORT,4111.41,4111.63,0.22,4111.44,4111.63,0.004,True,-1.0,-1.0,-1.0
2026-07-13,LONG,4069.4,4051.21,18.2,4059.8,4051.21,0.212,True,-1.0,-1.0,-1.0
2026-07-14,LONG,4015.7,4012.92,2.77,4015.61,4012.92,0.067,False,3.0,5.0,3.626
2026-07-15,SHORT,4029.63,4035.12,5.49,4031.81,4035.12,0.082,True,-1.0,-1.0,-1.0
